<?xml version="1.0" encoding="UTF-8" ?>
<!DOCTYPE mapper PUBLIC "-//mybatis.org//DTD Mapper 3.0//EN" "http://mybatis.org/dtd/mybatis-3-mapper.dtd" >
<mapper namespace="wakoo.fun.mapper.FaAdminMapper">
    
    <resultMap id="FaAdminMap" type="wakoo.fun.pojo.FaAdmin">
        <id column="id" property="id"/>
        <result column="username" property="userName"/>
        <result column="nickname" property="nickName"/>
        <result column="password" property="password"/>
        <result column="salt" property="salt"/>
        <result column="avatar" property="avatar"/>
        <result column="email" property="email"/>
        <result column="campus_id" property="campusId"/>
        <result column="mobile" property="mobile"/>
        <result column="loginfailure" property="loginFailure"/>
        <result column="logintime" property="loginTime"/>
        <result column="loginip" property="loginIp"/>
        <result column="createtime" property="createTime"/>
        <result column="updatetime" property="updateTime"/>
        <result column="deletetime" property="deleteTime"/>
        <result column="token" property="token"/>
        <result column="status" property="status"/>

    </resultMap>
<!--更新ToKen-->
    <update id="UpdToken">
        update fa_admin
        set token = #{Token}
        where userName=#{userName};
    </update>
<!--更新头像-->
    <update id="avatar">
        update fa_admin
        set avatar = #{avatarPath}
        where username=#{userName};
    </update>
<!--查询所有，查询指定用户-->
    <select id="faAdmin" resultMap="FaAdminMap">
        select id,username,nickname,password,avatar,email,campus_id,mobile,loginfailure,token,status
        from fa_admin
        <where>
            <if test="userName != null">
                AND username = #{userName, jdbcType=VARCHAR}
            </if>
        </where>
    </select>
    <select id="getFaAdmin" resultType="wakoo.fun.pojo.FaAdmin">
        select username
        from fa_admin where id=#{id};
    </select>
</mapper>