<?xml version="1.0" encoding="UTF-8"?>
<!DOCTYPE mapper PUBLIC "-//mybatis.org//DTD Mapper 3.0//EN" "http://mybatis.org/dtd/mybatis-3-mapper.dtd">

<mapper namespace="com.tansci.mapper.system.SysUserMapper">

    <select id="page" parameterType="com.tansci.domain.system.dto.SysUserDto" resultType="com.tansci.domain.system.SysUser">
        select  u.*,o.org_id from sys_user u
        left join sys_user_org o on o.user_id = u.id
        where u.del_flag = 0
        <if test="dto.nickname != null and dto.nickname != ''">
            and u.nickname like concat('%', #{dto.nickname}, '%')
        </if>
        <if test="dto.orgIds != null and dto.orgIds.size > 0">
            and o.org_id in
            <foreach collection="dto.orgIds" index="index" item="item" open="(" close=")" separator=",">
                #{item}
            </foreach>
        </if>
        order by u.create_time, u.update_time desc
    </select>

</mapper>
